1084060243,Evterev,res://avatars/evterev.png
6438643284,Klimov,res://avatars/klimov.png
1359301093,Bondarenko,res://avatars/bondarenko.png
5339837231,Korobko,res://avatars/korobko.png
1240035091,Guncevich,res://avatars/guncevich.png
5599012987,Lepeyko,res://avatars/lepeyko.png
8699823087,Rakovich,res://avatars/rakovich.png
1796755250,Kovrigo,res://avatars/kovrigo.png
5743380426,Kazachok,res://avatars/kazachok.png
5094715944,Kachanov,res://avatars/kachanov.png
1035085436,Girinovich,res://avatars/girinovich.png
5914989577,Poluhin,res://avatars/poluhin.png
2115775228,Sudak,res://avatars/sudak.png
7144830871,Radkevich,res://avatars/radkevich.png
1304775401,Shapurova,res://avatars/shapurova.png
1206297457,Vitkovskiy,res://avatars/vitkovskiy.png
1272387628,Maslovskiy,res://avatars/maslovskiy.png
1461367751,Franceva,res://avatars/franceva.png
1812587256,Karchevskiy,res://avatars/karchevskiy.png
5510124142,Holod,res://avatars/holod.png
814687373,Martinchik,res://avatars/martinchik.png
5158660491,Miranovich,res://avatars/miranovich.png
1477614532,Nikitin,res://avatars/nikitin.png
7006075245,Vashkevich,res://avatars/vashkevich.png
955276967,Tracevskaya,res://avatars/tracevskaya.png
